Country,accession,Host,Segment,Protein Mutations,Total Protein Mutations,Lineage,Year of Sample Collection
Kenya,DQ380155,Homo sapiens,S,G159E; N207S; K219R; F23I; A167V; V217A; I242V,7,K,1951
Uganda,DQ380156,Homo sapiens,S,G159E; R187K; N207S; K219R; F23I; A167V; V217A; I242V; M250I,9,K,1944
South Africa,DQ380158,Homo sapiens,S,G159E; Y3F; F23I; A167V; V217A; I242V,6,O,1951
Zimbabwe,DQ380159,Homo sapiens,S,G159E; F23I; P48S; R132K; A167V; N207S; V217A; I242V,8,K,1974
Zimbabwe,DQ380164,Homo sapiens,S,G159E; F23I; A167V; V192L; V217A; I242V,6,E,1978
Guinea,DQ380165,Homo sapiens,S,G159E; M235K; F23I; A167V; A214G; V217A; I242V,7,E,1981
Guinea,DQ380166,Homo sapiens,S,G159E; M235K; F23I; A167V; A214G; V217A; I242V,7,E,1984
Central African Republic,DQ380167,Homo sapiens,S,G159E; F23I; A167V; A214G; V217A; I242V,6,E,1969
Zimbabwe,DQ380168,Homo sapiens,S,G159E; F23I; M165I; A167V; V217A; I242V,6,E,1978
Kenya,DQ380171,Homo sapiens,S,G159E; F23I; R24I; A167V; V217A; I242V,6,C,1983
Zimbabwe,DQ380173,Homo sapiens,S,G159E; F23I; A167V; Q199R; V217A; I242V,6,J,1974
Zimbabwe,DQ380174,Homo sapiens,S,K89R; G159E; F23I; N133S; A167V; K202R; V217A; I239V; I242V; M250I,10,L,1970
Kenya,DQ380176,Homo sapiens,S,G159E; F23I; H45R; N77S; N133S; A167V; V217A; I239V; I242V; P243S,10,L,1983
Burkina Faso,DQ380181,Homo sapiens,S,G159E; F23I; K108R; A167V; V217A; E251D; D265N,7,N,1983
Kenya,EU312103,Homo sapiens,S,G159E; F23I; H45R; N77S; N133S; A167V; V217A; I239V; I242V; P243S,10,L,1965
Kenya,EU312105,Homo sapiens,S,G159E; F23I; R24I; A167V; V217A; I242V,6,C,1983
Madagascar,EU312106,Homo sapiens,S,G159E; F23I; R24K; T152A; A167V; V217A; I242V; E253G,8,C,1991
Madagascar,EU312107,Homo sapiens,S,G159E; K242R; F23I; R24K; T152A; A167V; V217A; I242V; E253G,9,C,1991
Madagascar,EU312108,Homo sapiens,S,Q44H; G159E; F23I; R24K; T152A; A167V; V217A; I242V; E253G,9,C,1991
Guinea,EU312109,Homo sapiens,S,G159E; M235K; F23I; A167V; A214G; V217A; I242V,7,E,1984
South Africa,EU312111,Homo sapiens,S,G159E; F23I; A167V; V217A; I242V,5,I,1955
South Africa,EU312113,Homo sapiens,S,G159E; F23I; A75V; N133S; A167V; K202R; V217A; I239V; I242V; M250I,10,L,1971
South Africa,EU312114,Homo sapiens,S,G159E; F23I; H50Y; M165K; A167V; V210A; V217A; I242V,8,F,1981
Burkina Faso,EU312116,Homo sapiens,S,D49G; G159E; F23I; A167V; V217A; I242V; E251D; E253G,8,N,1983
Senegal,EU312117,Homo sapiens,S,G159E; F23I; K108R; E156Q; A167V; V217A; E251D; D265N,8,F,1981
Uganda,EU312121,Homo sapiens,S,G159E; E216G; F23I; T102I; A167V; I175V; V217A; I242V,8,M,1955
South Africa,EU312127,Homo sapiens,S,G159E; F23I; R24K; F42Y; A167V; V217A; I242V; E253G,8,C,1999
Zimbabwe,EU312130,Homo sapiens,S,K89R; G159E; F23I; N133S; A167V; K202R; V217A; I239V; I242V; M250I,10,L,1970
Zimbabwe,EU312131,Homo sapiens,S,G159E; F23I; M165K; A167V; V217A; I242V; E251G,7,C,1979
Zimbabwe,EU312132,Homo sapiens,S,G159E; F23I; M165I; A167V; V217A; I242V,6,E,1978
Zimbabwe,EU312133,Homo sapiens,S,G159E; F23I; I111M; A167V; V217A; I242V,6,C,1978
Zimbabwe,EU312135,Homo sapiens,S,G159E; F23I; A167V; V217A; I242V,5,E,1978
Zimbabwe,EU312136,Homo sapiens,S,G159E; F23I; E156Q; A167V; V217A; I242V,6,E,1978
Kenya,EU574057,Homo sapiens,S,G159E; F23I; R24K; A167V; M186V; V217A; I242V; E253G,8,C,2007
Kenya,EU574058,Homo sapiens,S,G159E; F23I; R24K; A167V; K202R; V217A; I242V; E253G,8,C,2007
Kenya,EU574059,Homo sapiens,S,G159E; F23I; R24K; A167V; K202R; V217A; I242V; E253G,8,C,2007
Kenya,EU574060,Homo sapiens,S,G159E; F23I; R24K; A167V; K202R; V217A; I242V; E253G,8,C,2007
Kenya,EU574061,Homo sapiens,S,A139T; G159E; F23I; R24K; A167V; K202R; V217A; I242V; E253G,9,C,2007
Kenya,EU574062,Homo sapiens,S,G159E; F23I; R24K; A167V; K202R; V217A; I242V; E253G,8,C,2007
Kenya,EU574063,Homo sapiens,S,G159E; F23I; R24K; A167V; K202R; V217A; I242V; E253G,8,C,2007
Kenya,EU574064,Homo sapiens,S,G159E; F23I; R24K; A167V; K202R; V217A; I242V; E253G,8,C,2007
Kenya,EU574065,Homo sapiens,S,G159E; F23I; R24K; A167V; K202R; V217A; I242V; E253G,8,C,2007
Kenya,EU574066,Homo sapiens,S,G159E; F23I; R24K; A167V; K202R; V217A; I242V; E253G,8,C,2007
Kenya,EU574067,Homo sapiens,S,G159E; F23I; R24K; A167V; M186V; V217A; I242V; E253G,8,C,2007
Kenya,EU574068,Homo sapiens,S,G159E; F23I; R24K; A167V; M186V; V217A; I242V; E253G,8,C,2006
Kenya,EU574069,Homo sapiens,S,G159E; F23I; R24K; A167V; K202R; V217A; I242V; E253G,8,C,2006
Kenya,EU574070,Homo sapiens,S,G159E; F23I; R24K; H131Y; A167V; K202R; V217A; I242V; E253G,9,C,2007
Kenya,EU574071,Homo sapiens,S,G159E; F23I; R24K; A167V; K202R; V217A; I242V; E253G,8,C,2007
Kenya,EU574072,Homo sapiens,S,G159E; V192I; F23I; R24K; A167V; M186V; V217A; I242V; E253G,9,C,2007
Kenya,EU574073,Homo sapiens,S,G159E; F23I; R24K; A167V; K202R; V217A; I242V; E253G,8,C,2007
Kenya,EU574074,Homo sapiens,S,G159E; F23I; R24K; A167V; K202R; V217A; I242V; E253G,8,C,2007
Kenya,EU574075,Homo sapiens,S,G159E; F23I; R24K; A167V; K202R; V217A; I242V; E253G,8,C,2007
Kenya,EU574076,Homo sapiens,S,G159E; F23I; R24K; A167V; M186V; V217A; I242V; E253G,8,C,2007
Kenya,EU574077,Homo sapiens,S,G159E; F23I; R24K; A167V; K202R; V217A; I242V; E253G,8,C,2007
Kenya,EU574078,Homo sapiens,S,G159E; F23I; R24K; A167V; K202R; V217A; I242V; E253G,8,C,2007
Kenya,EU574079,Homo sapiens,S,G159E; F23I; R24K; A167V; K202R; V217A; I242V; E253G,8,C,2007
Kenya,EU574080,Homo sapiens,S,G159E; F23I; R24K; A167V; K202R; V217A; I242V; E253G,8,C,2007
Kenya,EU574081,Homo sapiens,S,G159E; F23I; R24K; A167V; K202R; V217A; I242V; E253G,8,C,2007
Kenya,EU574082,Homo sapiens,S,G159E; F23I; R24K; A167V; K202R; V217A; I242V; E253G,8,C,2007
Kenya,EU574083,Homo sapiens,S,G159E; F23I; R24K; A167V; K202R; V217A; I242V; E253G,8,C,2007
Kenya,EU574084,Homo sapiens,S,G159E; F23I; R24K; A167V; K202R; V217A; I242V; E253G,8,C,2007
Kenya,EU574085,Homo sapiens,S,G159E; D2N; F23I; R24K; A167V; K202R; V217A; I242V; E253G,9,C,2007
Kenya,EU574086,Homo sapiens,S,G159E; F23I; R24K; A167V; M186V; V217A; I242V; E253G,8,C,2007
Kenya,EU574087,Homo sapiens,S,A85T; G159E; F23I; R24K; A167V; K202R; V217A; I242V; E253G,9,C,2007
Madagascar,JF311391,Homo sapiens,S,A48T; G159E; F23I; R24K; A167V; V217A; I242V; E253G,8,C,1991
Madagascar,JF311392,Homo sapiens,S,G159E; F23I; R24K; R132K; A167V; V189I; K202R; V217A; I242V; E253G,10,C,2008
Madagascar,JF311393,Homo sapiens,S,G159E; F23I; R24K; A167V; K202R; V217A; I242V; P244L; E253G,9,C,2008
Madagascar,JF311394,Homo sapiens,S,G159E; F23I; R24K; A167V; K202R; V217A; I242V; E253G,8,C,2008
South Africa,JF784388,Homo sapiens,S,G159E; F23I; A75V; N133S; A167V; K202R; V217A; I239V; I242V; M250I,10,L,1974
Mauritania,KM210508,Homo sapiens,S,G159E; F23I; I90V; I111V; A167V; V217A; I242V; I245V,8,K,2010
Uganda,KU167025,Homo sapiens,S,G159E; E216G; F23I; T102I; A167V; I175V; V217A; I242V,8,M,1955
Kenya,KX096940,Homo sapiens,S,G159E; F23I; R24K; A167V; K202R; V217A; I242V; E253G,8,C,2006
South Africa,KY196501,Homo sapiens,S,G159E; F23I; R24K; A167V; K202R; V217A; I242V; E253G,8,C,2008
South Africa,KY196502,Homo sapiens,S,G159E; Y22N; F23I; R24K; F42Y; A167V; K202R; V217A; I242V; E253G,10,C,2008
South Africa,KY196503,Homo sapiens,S,G159E; F23I; R24K; A167V; V192I; K202R; V217A; I242V; E253G,9,C,2008
South Africa,KY196505,Homo sapiens,S,G159E; F23I; R24K; K108R; A167V; K202R; V217A; I242V; E253G,9,C,2009
South Africa,KY196507,Homo sapiens,S,G159E; F23I; A167V; V217A; I242V,5,I,1955
South Africa,KY196508,Homo sapiens,S,G159E; F23I; A167V; V217A; I242V,5,I,1956
South Africa,KY196509,Homo sapiens,S,G159E; F23I; A75V; N133S; A167V; K202R; V217A; I239V; I242V; M250I,10,L,1971
South Africa,KY196510,Homo sapiens,S,G159E; F23I; H50Y; M165K; A167V; V210A; V217A; I242V,8,F,1981
South Africa,KY196511,Homo sapiens,S,G159E; F23I; R24K; F42Y; A167V; V217A; I242V; E253G,8,C,1999
South Africa,MG659905,Homo sapiens,S,G159E; F23I; A167V; Y187H; V217A; I242V,6,M,1955
Kenya,MG659984,Homo sapiens,S,G159E; F23I; A167V; V217A; I242V,5,K,1962
Zimbabwe,MG659987,Homo sapiens,S,G159E; F23I; M165K; A167V; V217A; I242V,6,C,1978
Zimbabwe,MG659988,Homo sapiens,S,G159E; F23I; I111M; A167V; V217A; I242V,6,C,1978
Uganda,MG659989,Homo sapiens,S,G159E; E216G; F23I; T102I; A167V; I175V; V217A; I242V,8,M,1955
Kenya,OM744370,Homo sapiens,S,G159E; F23I; R24K; Y33F; N133S; T152A; A167V; S206F; V217A; I242V; P244S; E253G,12,C,2021
Kenya,OM744371,Homo sapiens,S,G159E; F23I; R24K; Y33F; N133S; T152A; A167V; S206F; V217A; I242V; P244S; E253G,12,C,2021
Kenya,OM744372,Homo sapiens,S,G159E; F23I; R24K; Y33F; N133S; T152A; A167V; S206F; V217A; I242V; P244S; E253G,12,C,2021
Kenya,OM744373,Homo sapiens,S,G159E; F23I; R24K; Y33F; N133S; T152A; A167V; S206F; V217A; I242V; P244S; E253G,12,C,2021
Kenya,OM744374,Homo sapiens,S,G159E; F23I; R24K; Y33F; N133S; T152A; A167V; S206F; V217A; I242V; P244S; E253G,12,C,2021
Egypt,DQ380145,Homo sapiens,S,K150R,1,A,1979
Egypt,DQ380146,Homo sapiens,S,K150R,1,A,1978
Egypt,DQ380150,Homo sapiens,S,G37V,1,A,1979
Egypt,DQ380152,Homo sapiens,S,I242T,1,A,1978
Kenya,MG659985,Homo sapiens,S,V217A; I242V,2,B,1972
